<?xml version="1.0" encoding="UTF-8"?>
<project-private xmlns="http://www.netbeans.org/ns/project-private/1">
    <editor-bookmarks xmlns="http://www.netbeans.org/ns/editor-bookmarks/2" lastBookmarkId="0"/>
    <open-files xmlns="http://www.netbeans.org/ns/projectui-open-files/2">
        <group>
            <file>file:/C:/Users/PC/OneDrive/Documents/java4/Shop/web/index.jsp</file>
            <file>file:/C:/Users/PC/OneDrive/Documents/java4/Shop/web/css/giohang.css</file>
            <file>file:/C:/Users/PC/OneDrive/Documents/java4/Shop/src/java/controller/ThanhToanServlet.java</file>
            <file>file:/C:/Users/PC/OneDrive/Documents/java4/Shop/web/fonts/fontawesome-free-6.4.0-web/less/_animated.less</file>
            <file>file:/C:/Users/PC/OneDrive/Documents/java4/Shop/web/sign_in.jsp</file>
            <file>file:/C:/Users/PC/OneDrive/Documents/java4/Shop/src/java/model/SanPham.java</file>
            <file>file:/C:/Users/PC/OneDrive/Documents/java4/Shop/src/java/dao/TaiKhoanDAO.java</file>
            <file>file:/C:/Users/PC/OneDrive/Documents/java4/Shop/src/java/model/HoaDon.java</file>
            <file>file:/C:/Users/PC/OneDrive/Documents/java4/Shop/src/java/connect/DBConnect.java</file>
            <file>file:/C:/Users/PC/OneDrive/Documents/java4/Shop/src/java/controller/GioHangServlet.java</file>
            <file>file:/C:/Users/PC/OneDrive/Documents/java4/Shop/src/java/dao/DanhMucDao.java</file>
            <file>file:/C:/Users/PC/OneDrive/Documents/java4/Shop/src/java/dao/SanPhamDAO.java</file>
            <file>file:/C:/Users/PC/OneDrive/Documents/java4/Shop/src/java/dao/TaiKhoanDAOImp1.java</file>
            <file>file:/C:/Users/PC/OneDrive/Documents/java4/Shop/src/java/dao/DanhMucDaoImp1.java</file>
            <file>file:/C:/Users/PC/OneDrive/Documents/java4/Shop/web/thanhtoan.jsp</file>
            <file>file:/C:/Users/PC/OneDrive/Documents/java4/Shop/src/java/model/ChiTietHoaDon.java</file>
            <file>file:/C:/Users/PC/OneDrive/Documents/java4/Shop/web/fonts/fontawesome-free-6.4.0-web/css/all.css</file>
            <file>file:/C:/Users/PC/OneDrive/Documents/java4/Shop/src/java/model/DanhMuc.java</file>
            <file>file:/C:/Users/PC/OneDrive/Documents/java4/Shop/src/java/dao/ChiTietHoaDonDAO.java</file>
            <file>file:/C:/Users/PC/OneDrive/Documents/java4/Shop/web/fonts/themify-icons/ie7/ie7.js</file>
            <file>file:/C:/Users/PC/OneDrive/Documents/java4/Shop/web/product.jsp</file>
            <file>file:/C:/Users/PC/OneDrive/Documents/java4/Shop/web/cart.jsp</file>
            <file>file:/C:/Users/PC/OneDrive/Documents/java4/Shop/src/java/controller/IndexServlet.java</file>
            <file>file:/C:/Users/PC/OneDrive/Documents/java4/Shop/src/java/dao/HoaDonDAOImp1.java</file>
            <file>file:/C:/Users/PC/OneDrive/Documents/java4/Shop/src/java/model/TaiKhoan.java</file>
            <file>file:/C:/Users/PC/OneDrive/Documents/java4/Shop/web/fonts/fontawesome-free-6.4.0-web/metadata/categories.yml</file>
            <file>file:/C:/Users/PC/OneDrive/Documents/java4/Shop/src/java/dao/SanPhamDAOImp1.java</file>
            <file>file:/C:/Users/PC/OneDrive/Documents/java4/Shop/web/thuonghieu.jsp</file>
            <file>file:/C:/Users/PC/OneDrive/Documents/java4/Shop/web/fonts/themify-icons/ie7/ie7.css</file>
            <file>file:/C:/Users/PC/OneDrive/Documents/java4/Shop/web/css/thuonghieu.css</file>
            <file>file:/C:/Users/PC/OneDrive/Documents/java4/Shop/web/css/style.css</file>
            <file>file:/C:/Users/PC/OneDrive/Documents/java4/Shop/web/META-INF/context.xml</file>
            <file>file:/C:/Users/PC/OneDrive/Documents/java4/Shop/src/java/dao/ChiTietHoaDonDAOImp1.java</file>
            <file>file:/C:/Users/PC/OneDrive/Documents/java4/Shop/src/java/controller/DangNhapServlet.java</file>
            <file>file:/C:/Users/PC/OneDrive/Documents/java4/Shop/web/css/product.css</file>
            <file>file:/C:/Users/PC/OneDrive/Documents/java4/Shop/src/java/controller/DangKiServlet.java</file>
            <file>file:/C:/Users/PC/OneDrive/Documents/java4/Shop/src/java/model/GioHang.java</file>
            <file>file:/C:/Users/PC/OneDrive/Documents/java4/Shop/src/java/dao/HoaDonDAO.java</file>
            <file>file:/C:/Users/PC/OneDrive/Documents/java4/Shop/web/sign_up.jsp</file>
            <file>file:/C:/Users/PC/OneDrive/Documents/java4/Shop/web/fonts/fontawesome-free-6.4.0-web/less/_icons.less</file>
            <file>file:/C:/Users/PC/OneDrive/Documents/java4/Shop/web/WEB-INF/web.xml</file>
        </group>
    </open-files>
</project-private>
